policy,J_mean,J_std,bits_mean
ET,1299.3106320564575,54.92171700125322,18044.8
PER (M=10),1623.543680214352,93.32071124299452,19200.0
