delta,bits_et,J_et,J_et_std,bits_per,J_per,J_per_std,M_per
1.0,178751.73333333334,37877278475453.516,1198805970931.2356,208000.0,38204638102963.95,473680100104.41876,1
0.5,181892.53333333333,38227651391784.43,530182852301.1759,208000.0,38204638102963.95,473680100104.41876,1
0.2,187924.53333333333,38225094749664.38,343844251768.6554,208000.0,38204638102963.95,473680100104.41876,1
0.1,201704.53333333333,38193671808051.52,495710417248.0328,208000.0,38204638102963.95,473680100104.41876,1
0.05,207369.06666666668,38105406362688.0,534048883355.92584,208000.0,38204638102963.95,473680100104.41876,1
